[
    {
        "employeeId": "001",
        "employeeName": "John Dibella",
        "month": "January",
        "percentage": 40,
        "leaves": 20,
        "presentDays": 12
    },
    {
        "employeeId": "001",
        "employeeName": "John Dibella",
        "month": "February",
        "percentage": 80,
        "leaves": 20,
        "presentDays": 20
    },
    {
        "employeeId": "001",
        "employeeName": "John Dibella",
        "month": "March",
        "percentage": 70,
        "leaves": 30,
        "presentDays": 25
    },
    {
        "employeeId": "001",
        "employeeName": "John Dibella",
        "month": "April",
        "percentage": 50,
        "leaves": 50,
        "presentDays": 15
    },
    {
        "employeeId": "001",
        "employeeName": "John Dibella",
        "month": "May",
        "percentage": 10,
        "leaves": 10,
        "presentDays": 7
    }
]