[
    {
        "employeeId": "001",
        "month": "January",
        "percentage": "40"
    },
    {
        "employeeId": "001",
        "month": "February",
        "percentage": "20"
    },
    {
        "employeeId": "001",
        "month": "March",
        "percentage": "20"
    },
    {
        "employeeId": "001",
        "month": "April",
        "percentage": "5"
    },
    {
        "employeeId": "001",
        "month": "May",
        "percentage": "5"
    }
]